request_id,amount_safe_to_pay,affordability_status,recommended_payment_method,payment_plan,earliest_date_for_full_payment,spending_changes_needed,decision_explanation
request_26,15656000,affordable_now,full_payment,2025-08-03:15656000,2025-08-03,none,Pay IDR 15656000 in full on 2025-08-03. This keeps the IDR 24768300 minimum protected over the next 90 days.
request_27,6670,affordable_now,full_payment,2026-07-05:6670,2026-07-05,none,Pay ZAR 6670 in full on 2026-07-05. This keeps the ZAR 20500 minimum protected over the next 90 days.
request_28,0,not_affordable,not_recommended,none,,none,"Do not make this payment by the requested date. None of the available options keeps the EUR 1100 minimum protected, although EUR 0 is available today."
request_29,51524,affordable_now,full_payment,2025-11-04:51524,2025-11-04,none,Pay ZAR 51524 in full on 2025-11-04. This keeps the ZAR 28300 minimum protected over the next 90 days.
request_30,775.2,affordable_with_plan,installments,2026-04-06:268.74|2026-05-06:268.74|2026-06-05:268.74,2026-04-06,none,"Use 3 installments of USD 268.74, starting 2026-04-06. This leaves at least USD 900 available."
request_31,9199047.66,affordable_later,wait,2024-11-16:18164000,2024-11-16,none,"Wait until 2024-11-16, then pay IDR 18164000 in full. Paying sooner would put the IDR 16588900 minimum at risk."
request_32,11920.07,not_affordable,not_recommended,none,,none,"Do not make this payment by the requested date. None of the available options keeps the ZAR 35700 minimum protected, although ZAR 11920.07 is available today."
request_33,33600.11,not_affordable,not_recommended,none,,none,"Do not make this payment by the requested date. None of the available options keeps the INR 102100 minimum protected, although INR 33600.11 is available today."
request_34,129400,affordable_now,full_payment,2024-12-04:129400,2024-12-04,none,Pay INR 129400 in full on 2024-12-04. This keeps the INR 138500 minimum protected over the next 90 days.
request_35,19710.66,not_affordable,not_recommended,none,,none,"Do not make this payment by the requested date. None of the available options keeps the INR 106400 minimum protected, although INR 19710.66 is available today."
request_36,423.43,not_affordable,not_recommended,none,,none,"Do not make this payment by the requested date. None of the available options keeps the USD 2400 minimum protected, although USD 423.43 is available today."
request_37,0,not_affordable,not_recommended,none,,none,"Do not make this payment by the requested date. None of the available options keeps the IDR 17056200 minimum protected, although IDR 0 is available today."
request_38,283.82,affordable_later,wait,2025-10-13:971.3,2025-10-13,none,"Wait until 2025-10-13, then pay EUR 971.3 in full. Paying sooner would put the EUR 400 minimum at risk."
request_39,141601.27,affordable_later,wait,2026-06-14:208600,2026-06-14,none,"Wait until 2026-06-14, then pay INR 208600 in full. Paying sooner would put the INR 213400 minimum at risk."
request_40,134.32,not_affordable,not_recommended,none,,none,"Do not make this payment by the requested date. None of the available options keeps the EUR 1500 minimum protected, although EUR 134.32 is available today."
request_41,5305798.69,not_affordable,not_recommended,none,,none,"Do not make this payment by the requested date. None of the available options keeps the IDR 25366600 minimum protected, although IDR 5305798.69 is available today."
request_42,52100,affordable_now,full_payment,2026-01-05:52100,2026-01-05,none,Pay INR 52100 in full on 2026-01-05. This keeps the INR 113100 minimum protected over the next 90 days.
request_43,11485500,affordable_later,wait,2024-11-13:43339000,2024-11-13,none,"Wait until 2024-11-13, then pay IDR 43339000 in full. Paying sooner would put the IDR 21398000 minimum at risk."
request_44,0,not_affordable,not_recommended,none,,none,"Do not make this payment by the requested date. None of the available options keeps the INR 82900 minimum protected, although INR 0 is available today."
request_45,5178288.52,not_affordable,not_recommended,none,,none,"Do not make this payment by the requested date. None of the available options keeps the IDR 11149800 minimum protected, although IDR 5178288.52 is available today."
request_46,21005.88,not_affordable,not_recommended,none,2025-02-15,none,"Do not make this payment by the requested date. None of the available options keeps the INR 84000 minimum protected, although INR 21005.88 is available today."
request_47,38114000,affordable_now,full_payment,2025-05-05:38114000,2025-05-05,none,Pay IDR 38114000 in full on 2025-05-05. This keeps the IDR 30049000 minimum protected over the next 90 days.
request_48,38400.12,affordable_later,wait,2026-10-13:45700,2026-10-13,none,"Wait until 2026-10-13, then pay INR 45700 in full. Paying sooner would put the INR 71300 minimum at risk."
request_49,0,not_affordable,not_recommended,none,,none,"Do not make this payment by the requested date. None of the available options keeps the IDR 20275700 minimum protected, although IDR 0 is available today."
request_50,43900,affordable_now,full_payment,2025-08-06:43900,2025-08-06,none,Pay INR 43900 in full on 2025-08-06. This keeps the INR 99700 minimum protected over the next 90 days.
request_51,2191000,affordable_now,full_payment,2026-01-03:2191000,2026-01-03,none,Pay IDR 2191000 in full on 2026-01-03. This keeps the IDR 7811000 minimum protected over the next 90 days.
request_52,18890.31,affordable_later,wait,2024-06-14:28870,2024-06-14,none,"Wait until 2024-06-14, then pay INR 28870 in full. Paying sooner would put the INR 41500 minimum at risk."
request_53,787.79,not_affordable,not_recommended,none,2026-01-13,none,"Do not make this payment by the requested date. None of the available options keeps the USD 2100 minimum protected, although USD 787.79 is available today."
request_54,4491.39,not_affordable,not_recommended,none,,none,"Do not make this payment by the requested date. None of the available options keeps the ZAR 37000 minimum protected, although ZAR 4491.39 is available today."
request_55,139341.2,affordable_with_plan,installments,2026-06-11:75781.33|2026-07-12:75781.33|2026-08-12:75781.33,2026-08-13,stop:event_5101|reduce_to:event_5103:2536|reduce_to:event_5163:2750,"Use 3 installments of INR 75781.33, starting 2026-06-11 after stopping event_5101 and reducing event_5103 to INR 2536 and reducing event_5163 to INR 2750. This leaves at least INR 124300 available."
request_56,678.32,affordable_with_plan,partial_payment,2025-02-03:678.32|2025-02-15:203.24,2025-02-15,none,Pay USD 678.32 today and the remaining USD 203.24 on 2025-02-15. This completes the full request while keeping the USD 2100 minimum protected.
request_57,9092.46,not_affordable,not_recommended,none,,none,"Do not make this payment by the requested date. None of the available options keeps the ZAR 42700 minimum protected, although ZAR 9092.46 is available today."
request_58,16226000,affordable_now,full_payment,2024-12-07:16226000,2024-12-07,none,Pay IDR 16226000 in full on 2024-12-07. This keeps the IDR 14433900 minimum protected over the next 90 days.
request_59,140600,affordable_with_plan,installments,2025-05-07:48741.33|2025-06-04:48741.33|2025-07-02:48741.33,2025-05-04,none,"Use 3 installments of INR 48741.33, starting 2025-05-07. This leaves at least INR 132600 available."
request_60,0,not_affordable,not_recommended,none,,none,"Do not make this payment by the requested date. None of the available options keeps the USD 400 minimum protected, although USD 0 is available today."
request_61,29062,affordable_with_plan,installments,2024-03-17:10074.83|2024-04-17:10074.83|2024-05-18:10074.83,2024-03-03,none,"Use 3 installments of ZAR 10074.83, starting 2024-03-17. This leaves at least ZAR 36700 available."
request_62,404.23,affordable_now,full_payment,2025-08-05:404.23,2025-08-05,none,Pay USD 404.23 in full on 2025-08-05. This keeps the USD 1300 minimum protected over the next 90 days.
request_63,45352.98,not_affordable,not_recommended,none,,none,"Do not make this payment by the requested date. None of the available options keeps the INR 153500 minimum protected, although INR 45352.98 is available today."
request_64,0,not_affordable,not_recommended,none,,none,"Do not make this payment by the requested date. None of the available options keeps the INR 36100 minimum protected, although INR 0 is available today."
request_65,11558.8,not_affordable,not_recommended,none,2026-01-19,none,"Do not make this payment by the requested date. None of the available options keeps the ZAR 15500 minimum protected, although ZAR 11558.8 is available today."
request_66,22200,affordable_now,full_payment,2026-04-03:22200,2026-04-03,none,Pay INR 22200 in full on 2026-04-03. This keeps the INR 80700 minimum protected over the next 90 days.
request_67,73.89,not_affordable,not_recommended,none,,none,"Do not make this payment by the requested date. None of the available options keeps the USD 1200 minimum protected, although USD 73.89 is available today."
request_68,850.64,not_affordable,not_recommended,none,,none,"Do not make this payment by the requested date. None of the available options keeps the USD 1500 minimum protected, although USD 850.64 is available today."
request_69,376.83,affordable_later,wait,2026-03-15:529.1,2026-03-15,none,"Wait until 2026-03-15, then pay EUR 529.1 in full. Paying sooner would put the EUR 700 minimum at risk."
request_70,59952.21,not_affordable,not_recommended,none,,none,"Do not make this payment by the requested date. None of the available options keeps the INR 115000 minimum protected, although INR 59952.21 is available today."
request_71,0,not_affordable,not_recommended,none,,none,"Do not make this payment by the requested date. None of the available options keeps the IDR 8884800 minimum protected, although IDR 0 is available today."
request_72,11330,affordable_now,full_payment,2026-07-05:11330,2026-07-05,none,Pay ZAR 11330 in full on 2026-07-05. This keeps the ZAR 12200 minimum protected over the next 90 days.
request_73,66702.83,affordable_later,wait,2023-02-15:71400,2023-02-15,none,"Wait until 2023-02-15, then pay INR 71400 in full. Paying sooner would put the INR 103200 minimum at risk."
request_74,5010,affordable_now,full_payment,2025-08-04:5010,2025-08-04,none,Pay ZAR 5010 in full on 2025-08-04. This keeps the ZAR 21900 minimum protected over the next 90 days.
request_75,28270,affordable_with_plan,installments,2026-04-09:9800.27|2026-05-09:9800.27|2026-06-08:9800.27,2026-04-06,none,"Use 3 installments of ZAR 9800.27, starting 2026-04-09. This leaves at least ZAR 39000 available."
request_76,1385.68,not_affordable,not_recommended,none,2024-08-02,none,"Do not make this payment by the requested date. None of the available options keeps the USD 1800 minimum protected, although USD 1385.68 is available today."
request_77,60700,affordable_now,full_payment,2025-11-05:60700,2025-11-05,none,Pay INR 60700 in full on 2025-11-05. This keeps the INR 82200 minimum protected over the next 90 days.
request_78,0,affordable_later,wait,2025-12-17:50200,2025-12-17,none,"Wait until 2025-12-17, then pay INR 50200 in full. Paying sooner would put the INR 55200 minimum at risk."
request_79,204.97,not_affordable,not_recommended,none,,none,"Do not make this payment by the requested date. None of the available options keeps the EUR 1000 minimum protected, although EUR 204.97 is available today."
request_80,0,not_affordable,not_recommended,none,,none,"Do not make this payment by the requested date. None of the available options keeps the INR 121300 minimum protected, although INR 0 is available today."
request_81,1796.71,affordable_later,wait,2026-09-13:2076,2026-09-13,none,"Wait until 2026-09-13, then pay USD 2076 in full. Paying sooner would put the USD 1600 minimum at risk."
request_82,0,not_affordable,not_recommended,none,,none,"Do not make this payment by the requested date. None of the available options keeps the USD 1100 minimum protected, although USD 0 is available today."
request_83,0,not_affordable,not_recommended,none,,none,"Do not make this payment by the requested date. None of the available options keeps the INR 37800 minimum protected, although INR 0 is available today."
request_84,29172.81,not_affordable,not_recommended,none,,none,"Do not make this payment by the requested date. None of the available options keeps the INR 91300 minimum protected, although INR 29172.81 is available today."
request_85,0,not_affordable,not_recommended,none,,none,"Do not make this payment by the requested date. None of the available options keeps the IDR 6396300 minimum protected, although IDR 0 is available today."
request_86,46300,affordable_now,full_payment,2025-08-03:46300,2025-08-03,none,Pay INR 46300 in full on 2025-08-03. This keeps the INR 84900 minimum protected over the next 90 days.
request_87,0,not_affordable,not_recommended,none,,none,"Do not make this payment by the requested date. None of the available options keeps the INR 185900 minimum protected, although INR 0 is available today."
request_88,11959.79,affordable_with_plan,installments,2024-06-14:9045.23|2024-07-15:9045.23|2024-08-15:9045.23,2024-07-14,none,"Use 3 installments of ZAR 9045.23, starting 2024-06-14. This leaves at least ZAR 25800 available."
request_89,7653163.1,not_affordable,not_recommended,none,2026-01-16,none,"Do not make this payment by the requested date. None of the available options keeps the IDR 12534700 minimum protected, although IDR 7653163.1 is available today."
request_90,2560,affordable_now,full_payment,2026-07-06:2560,2026-07-06,none,Pay ZAR 2560 in full on 2026-07-06. This keeps the ZAR 7600 minimum protected over the next 90 days.
request_91,912.73,affordable_later,wait,2024-11-13:1927.2,2024-11-13,none,"Wait until 2024-11-13, then pay EUR 1927.2 in full. Paying sooner would put the EUR 2100 minimum at risk."
request_92,31007.91,affordable_with_plan,full_payment,2025-02-05:34034,,reduce_to:event_8660:910.8|reduce_to:event_8662:910.8|reduce_to:event_8661:910.8,Pay ZAR 34034 in full on 2025-02-05 after reducing event_8660 to ZAR 910.8 and reducing event_8662 to ZAR 910.8 and reducing event_8661 to ZAR 910.8. This keeps the ZAR 28100 minimum protected over the next 90 days.
request_93,1729.2,affordable_now,full_payment,2026-04-07:1729.2,2026-04-07,none,Pay USD 1729.2 in full on 2026-04-07. This keeps the USD 1900 minimum protected over the next 90 days.
request_94,572,affordable_now,full_payment,2024-12-04:572,2024-12-04,none,Pay EUR 572 in full on 2024-12-04. This keeps the EUR 600 minimum protected over the next 90 days.
request_95,38900.27,not_affordable,not_recommended,none,,none,"Do not make this payment by the requested date. None of the available options keeps the INR 145500 minimum protected, although INR 38900.27 is available today."
request_96,72166.4,not_affordable,not_recommended,none,2026-03-16,none,"Do not make this payment by the requested date. None of the available options keeps the INR 56500 minimum protected, although INR 72166.4 is available today."
request_97,1740.93,affordable_with_plan,installments,2024-03-19:8145.28|2024-04-19:8145.28|2024-05-20:8145.28,2024-04-14,none,"Use 3 installments of ZAR 8145.28, starting 2024-03-19. This leaves at least ZAR 29700 available."
request_98,2251.21,not_affordable,not_recommended,none,,none,"Do not make this payment by the requested date. None of the available options keeps the ZAR 30000 minimum protected, although ZAR 2251.21 is available today."
request_99,18062,affordable_now,full_payment,2026-07-04:18062,2026-07-04,none,Pay ZAR 18062 in full on 2026-07-04. This keeps the ZAR 49100 minimum protected over the next 90 days.
request_100,26544.23,affordable_with_plan,installments,2024-06-13:12866.19|2024-07-14:12866.19|2024-08-14:12866.19,2024-07-10,none,"Use 3 installments of ZAR 12866.19, starting 2024-06-13. This leaves at least ZAR 32500 available."
request_101,143500,affordable_now,full_payment,2025-11-03:143500,2025-11-03,none,Pay INR 143500 in full on 2025-11-03. This keeps the INR 187400 minimum protected over the next 90 days.
request_102,1716,affordable_with_plan,installments,2026-04-05:594.88|2026-05-05:594.88|2026-06-04:594.88,2026-04-05,none,"Use 3 installments of EUR 594.88, starting 2026-04-05. This leaves at least EUR 900 available."
request_103,16723.24,not_affordable,not_recommended,none,,none,"Do not make this payment by the requested date. None of the available options keeps the INR 125500 minimum protected, although INR 16723.24 is available today."
request_104,0,not_affordable,not_recommended,none,,none,"Do not make this payment by the requested date. None of the available options keeps the ZAR 24700 minimum protected, although ZAR 0 is available today."
request_105,11020.07,not_affordable,not_recommended,none,,none,"Do not make this payment by the requested date. None of the available options keeps the INR 73900 minimum protected, although INR 11020.07 is available today."
request_106,268.25,affordable_later,wait,2025-02-16:2207.7,2025-02-16,none,"Wait until 2025-02-16, then pay EUR 2207.7 in full. Paying sooner would put the EUR 1200 minimum at risk."
request_107,0,not_affordable,not_recommended,none,,none,"Do not make this payment by the requested date. None of the available options keeps the EUR 1600 minimum protected, although EUR 0 is available today."
request_108,7836.4,not_affordable,not_recommended,none,,none,"Do not make this payment by the requested date. None of the available options keeps the ZAR 24100 minimum protected, although ZAR 7836.4 is available today."
request_109,622.88,affordable_with_plan,installments,2024-03-18:645.98|2024-04-18:645.98|2024-05-19:645.98,,stop:event_10081|stop:event_10080,"Use 3 installments of EUR 645.98, starting 2024-03-18 after stopping event_10081 and stopping event_10080. This leaves at least EUR 1700 available."
request_110,22352,affordable_with_plan,installments,2025-08-06:7748.69|2025-09-03:7748.69|2025-10-01:7748.69,2025-08-06,none,"Use 3 installments of ZAR 7748.69, starting 2025-08-06. This leaves at least ZAR 11200 available."
request_111,16625000,affordable_now,full_payment,2026-04-03:16625000,2026-04-03,none,Pay IDR 16625000 in full on 2026-04-03. This keeps the IDR 23022800 minimum protected over the next 90 days.
request_112,224.4,affordable_with_plan,full_payment,2024-06-05:271.7,2024-08-13,reduce_to:event_10400:13|reduce_to:event_10398:13,Pay EUR 271.7 in full on 2024-06-05 after reducing event_10400 to EUR 13 and reducing event_10398 to EUR 13. This keeps the EUR 500 minimum protected over the next 90 days.
request_113,0,not_affordable,not_recommended,none,,none,"Do not make this payment by the requested date. None of the available options keeps the INR 82300 minimum protected, although INR 0 is available today."
request_114,0,not_affordable,not_recommended,none,,none,"Do not make this payment by the requested date. None of the available options keeps the INR 113400 minimum protected, although INR 0 is available today."
request_115,16371.71,affordable_later,wait,2024-11-13:80500,2024-11-13,none,"Wait until 2024-11-13, then pay INR 80500 in full. Paying sooner would put the INR 38800 minimum at risk."
request_116,0,not_affordable,not_recommended,none,,none,"Do not make this payment by the requested date. None of the available options keeps the INR 80300 minimum protected, although INR 0 is available today."
request_117,849.05,affordable_with_plan,full_payment,2026-07-05:880,2026-07-15,reduce_to:event_10873:20.5|stop:event_10833,Pay EUR 880 in full on 2026-07-05 after reducing event_10873 to EUR 20.5 and stopping event_10833. This keeps the EUR 1000 minimum protected over the next 90 days.
request_118,0,not_affordable,not_recommended,none,,none,"Do not make this payment by the requested date. None of the available options keeps the EUR 600 minimum protected, although EUR 0 is available today."
request_119,0,not_affordable,not_recommended,none,,none,"Do not make this payment by the requested date. None of the available options keeps the INR 151200 minimum protected, although INR 0 is available today."
request_120,7714000,affordable_now,full_payment,2026-04-06:7714000,2026-04-06,none,Pay IDR 7714000 in full on 2026-04-06. This keeps the IDR 20050300 minimum protected over the next 90 days.
request_121,453.77,affordable_later,wait,2024-05-14:633.6,2024-05-14,none,"Wait until 2024-05-14, then pay USD 633.6 in full. Paying sooner would put the USD 800 minimum at risk."
request_122,20558000,affordable_with_plan,installments,2025-08-05:7126773.33|2025-09-02:7126773.33|2025-09-30:7126773.33,2025-08-05,none,"Use 3 installments of IDR 7126773.33, starting 2025-08-05. This leaves at least IDR 12588500 available."
request_123,4076000,affordable_now,full_payment,2026-01-07:4076000,2026-01-07,none,Pay IDR 4076000 in full on 2026-01-07. This keeps the IDR 18091200 minimum protected over the next 90 days.
request_124,1648.56,affordable_with_plan,installments,2024-06-11:1076.12|2024-07-12:1076.12|2024-08-12:1076.12,2024-08-14,reduce_to:event_11473:38|reduce_to:event_11477:38|reduce_to:event_11480:38,"Use 3 installments of EUR 1076.12, starting 2024-06-11 after reducing event_11473 to EUR 38 and reducing event_11477 to EUR 38 and reducing event_11480 to EUR 38. This leaves at least EUR 1600 available."
request_125,5906.59,affordable_with_plan,full_payment,2025-11-06:6468,2026-01-13,reduce_to:event_11602:223.3|reduce_to:event_11600:223.3,Pay ZAR 6468 in full on 2025-11-06 after reducing event_11602 to ZAR 223.3 and reducing event_11600 to ZAR 223.3. This keeps the ZAR 11300 minimum protected over the next 90 days.
request_126,159600,affordable_now,full_payment,2026-07-03:159600,2026-07-03,none,Pay INR 159600 in full on 2026-07-03. This keeps the INR 129700 minimum protected over the next 90 days.
request_127,0,not_affordable,not_recommended,none,,none,"Do not make this payment by the requested date. None of the available options keeps the ZAR 41000 minimum protected, although ZAR 0 is available today."
request_128,25168,affordable_now,full_payment,2025-02-07:25168,2025-02-07,none,Pay ZAR 25168 in full on 2025-02-07. This keeps the ZAR 42600 minimum protected over the next 90 days.
request_129,24.52,not_affordable,not_recommended,none,,none,"Do not make this payment by the requested date. None of the available options keeps the USD 800 minimum protected, although USD 24.52 is available today."
request_130,0,not_affordable,not_recommended,none,,none,"Do not make this payment by the requested date. None of the available options keeps the USD 1400 minimum protected, although USD 0 is available today."
request_131,1385.59,affordable_with_plan,installments,2025-05-06:643.14|2025-06-03:643.14|2025-07-01:643.14,2025-06-14,reduce_to:event_12065:21.2,"Use 3 installments of USD 643.14, starting 2025-05-06 after reducing event_12065 to USD 21.2. This leaves at least USD 1100 available."
request_132,0,not_affordable,not_recommended,none,,none,"Do not make this payment by the requested date. None of the available options keeps the USD 1100 minimum protected, although USD 0 is available today."
request_133,15770000,not_affordable,not_recommended,none,2024-03-07,none,"Do not make this payment by the requested date. None of the available options keeps the IDR 9986200 minimum protected, although IDR 15770000 is available today."
request_134,6572482.24,affordable_later,wait,2025-10-16:21831000,2025-10-16,none,"Wait until 2025-10-16, then pay IDR 21831000 in full. Paying sooner would put the IDR 15902500 minimum at risk."
request_135,276.5,affordable_with_plan,full_payment,2026-07-06:304.8,2026-08-14,stop:event_12413,Pay USD 304.8 in full on 2026-07-06 after stopping event_12413. This keeps the USD 500 minimum protected over the next 90 days.
request_136,334.32,affordable_later,wait,2024-07-15:560.4,2024-07-15,none,"Wait until 2024-07-15, then pay USD 560.4 in full. Paying sooner would put the USD 1100 minimum at risk."
request_137,15350.76,not_affordable,not_recommended,none,,none,"Do not make this payment by the requested date. None of the available options keeps the INR 71800 minimum protected, although INR 15350.76 is available today."
request_138,809.63,affordable_with_plan,partial_payment,2026-04-07:809.63|2026-04-14:447.31,2026-04-14,none,Pay EUR 809.63 today and the remaining EUR 447.31 on 2026-04-14. This completes the full request while keeping the EUR 2300 minimum protected.
request_139,773.21,not_affordable,not_recommended,none,,none,"Do not make this payment by the requested date. None of the available options keeps the USD 1500 minimum protected, although USD 773.21 is available today."
request_140,0,not_affordable,not_recommended,none,,none,"Do not make this payment by the requested date. None of the available options keeps the ZAR 21600 minimum protected, although ZAR 0 is available today."
request_141,4005.19,not_affordable,not_recommended,none,,none,"Do not make this payment by the requested date. None of the available options keeps the INR 67300 minimum protected, although INR 4005.19 is available today."
request_142,1263.6,affordable_now,full_payment,2024-12-05:1263.6,2024-12-05,none,Pay USD 1263.6 in full on 2024-12-05. This keeps the USD 1700 minimum protected over the next 90 days.
request_143,0,not_affordable,not_recommended,none,,none,"Do not make this payment by the requested date. None of the available options keeps the ZAR 11300 minimum protected, although ZAR 0 is available today."
request_144,0,not_affordable,not_recommended,none,,none,"Do not make this payment by the requested date. None of the available options keeps the USD 600 minimum protected, although USD 0 is available today."
request_145,0,not_affordable,not_recommended,none,,none,"Do not make this payment by the requested date. None of the available options keeps the INR 155400 minimum protected, although INR 0 is available today."
request_146,3268.82,not_affordable,not_recommended,none,,none,"Do not make this payment by the requested date. None of the available options keeps the INR 108600 minimum protected, although INR 3268.82 is available today."
request_147,0,not_affordable,not_recommended,none,,none,"Do not make this payment by the requested date. None of the available options keeps the EUR 900 minimum protected, although EUR 0 is available today."
request_148,8017.74,affordable_with_plan,installments,2024-06-14:7710.56|2024-07-15:7710.56|2024-08-15:7710.56,2024-08-13,reduce_to:event_13659:531.3|stop:event_13593,"Use 3 installments of ZAR 7710.56, starting 2024-06-14 after reducing event_13659 to ZAR 531.3 and stopping event_13593. This leaves at least ZAR 20000 available."
request_149,18810.23,not_affordable,not_recommended,none,2026-01-16,none,"Do not make this payment by the requested date. None of the available options keeps the ZAR 42100 minimum protected, although ZAR 18810.23 is available today."
request_150,0,not_affordable,not_recommended,none,,none,"Do not make this payment by the requested date. None of the available options keeps the EUR 700 minimum protected, although EUR 0 is available today."
request_151,26999000,affordable_now,full_payment,2024-09-03:26999000,2024-09-03,none,Pay IDR 26999000 in full on 2024-09-03. This keeps the IDR 31633600 minimum protected over the next 90 days.
request_152,2417.17,not_affordable,not_recommended,none,,none,"Do not make this payment by the requested date. None of the available options keeps the ZAR 11900 minimum protected, although ZAR 2417.17 is available today."
request_153,0,not_affordable,not_recommended,none,,none,"Do not make this payment by the requested date. None of the available options keeps the USD 1400 minimum protected, although USD 0 is available today."
request_154,1625.8,affordable_with_plan,installments,2024-12-04:563.61|2025-01-04:563.61|2025-02-04:563.61,2024-12-04,none,"Use 3 installments of EUR 563.61, starting 2024-12-04. This leaves at least EUR 1300 available."
request_155,63846.85,not_affordable,not_recommended,none,,none,"Do not make this payment by the requested date. None of the available options keeps the INR 56300 minimum protected, although INR 63846.85 is available today."
request_156,7493.86,not_affordable,not_recommended,none,,none,"Do not make this payment by the requested date. None of the available options keeps the ZAR 26900 minimum protected, although ZAR 7493.86 is available today."
request_157,3815679.76,not_affordable,not_recommended,none,,none,"Do not make this payment by the requested date. None of the available options keeps the IDR 15714100 minimum protected, although IDR 3815679.76 is available today."
request_158,242600,affordable_with_plan,installments,2025-08-07:84101.33|2025-09-04:84101.33|2025-10-02:84101.33,2025-08-07,none,"Use 3 installments of INR 84101.33, starting 2025-08-07. This leaves at least INR 131400 available."
request_159,13398,affordable_now,full_payment,2026-01-04:13398,2026-01-04,none,Pay ZAR 13398 in full on 2026-01-04. This keeps the ZAR 8700 minimum protected over the next 90 days.
request_160,486.99,affordable_with_plan,installments,2024-06-13:432.05|2024-07-14:432.05|2024-08-14:432.05,2024-08-13,none,"Use 3 installments of EUR 432.05, starting 2024-06-13. This leaves at least EUR 1200 available."
request_161,0,not_affordable,not_recommended,none,,none,"Do not make this payment by the requested date. None of the available options keeps the IDR 23010400 minimum protected, although IDR 0 is available today."
request_162,993020.08,not_affordable,not_recommended,none,,none,"Do not make this payment by the requested date. None of the available options keeps the IDR 24161100 minimum protected, although IDR 993020.08 is available today."
request_163,0,not_affordable,not_recommended,none,,none,"Do not make this payment by the requested date. None of the available options keeps the IDR 26728700 minimum protected, although IDR 0 is available today."
request_164,27018000,affordable_with_plan,installments,2025-02-11:9366240|2025-03-11:9366240|2025-04-08:9366240,2025-02-04,none,"Use 3 installments of IDR 9366240, starting 2025-02-11. This leaves at least IDR 29550500 available."
request_165,80600,affordable_now,full_payment,2026-04-06:80600,2026-04-06,none,Pay INR 80600 in full on 2026-04-06. This keeps the INR 95000 minimum protected over the next 90 days.
request_166,2907.6,affordable_with_plan,installments,2024-12-03:1007.97|2025-01-03:1007.97|2025-02-03:1007.97,2024-12-03,none,"Use 3 installments of USD 1007.97, starting 2024-12-03. This leaves at least USD 1700 available."
request_167,43802,affordable_now,full_payment,2025-05-05:43802,2025-05-05,none,Pay ZAR 43802 in full on 2025-05-05. This keeps the ZAR 31200 minimum protected over the next 90 days.
request_168,0,not_affordable,not_recommended,none,,none,"Do not make this payment by the requested date. None of the available options keeps the INR 114400 minimum protected, although INR 0 is available today."
request_169,38947.26,affordable_with_plan,full_payment,2024-03-04:41976,2024-05-18,stop:event_15488|reduce_to:event_15564:545.6|reduce_to:event_15559:545.6,Pay ZAR 41976 in full on 2024-03-04 after stopping event_15488 and reducing event_15564 to ZAR 545.6 and reducing event_15559 to ZAR 545.6. This keeps the ZAR 18700 minimum protected over the next 90 days.
request_170,35269976.18,affordable_with_plan,installments,2025-08-06:12804480|2025-09-03:12804480|2025-10-01:12804480,2025-09-13,reduce_to:event_15669:779950,"Use 3 installments of IDR 12804480, starting 2025-08-06 after reducing event_15669 to IDR 779950. This leaves at least IDR 24715800 available."
request_171,0,not_affordable,not_recommended,none,,none,"Do not make this payment by the requested date. None of the available options keeps the EUR 500 minimum protected, although EUR 0 is available today."
request_172,8749.09,affordable_with_plan,partial_payment,2024-06-05:8749.09|2024-06-14:1450.91,2024-06-14,none,Pay ZAR 8749.09 today and the remaining ZAR 1450.91 on 2024-06-14. This completes the full request while keeping the ZAR 27200 minimum protected.
request_173,72047.19,affordable_with_plan,installments,2025-11-21:39173.33|2025-12-19:39173.33|2026-01-16:39173.33,,reduce_to:event_15941:2105|reduce_to:event_15946:2105|reduce_to:event_15945:2105,"Use 3 installments of INR 39173.33, starting 2025-11-21 after reducing event_15941 to INR 2105 and reducing event_15946 to INR 2105 and reducing event_15945 to INR 2105. This leaves at least INR 79100 available."
request_174,1146.2,affordable_with_plan,installments,2026-04-04:397.35|2026-05-04:397.35|2026-06-03:397.35,2026-04-04,none,"Use 3 installments of EUR 397.35, starting 2026-04-04. This leaves at least EUR 700 available."
request_175,2346.3,affordable_now,full_payment,2024-09-06:2346.3,2024-09-06,none,Pay EUR 2346.3 in full on 2024-09-06. This keeps the EUR 1700 minimum protected over the next 90 days.
request_176,537.47,not_affordable,not_recommended,none,,none,"Do not make this payment by the requested date. None of the available options keeps the EUR 600 minimum protected, although EUR 537.47 is available today."
request_177,0,not_affordable,not_recommended,none,,none,"Do not make this payment by the requested date. None of the available options keeps the USD 1300 minimum protected, although USD 0 is available today."
request_178,2938.1,affordable_with_plan,installments,2024-12-07:1018.54|2025-01-07:1018.54|2025-02-07:1018.54,2024-12-07,none,"Use 3 installments of EUR 1018.54, starting 2024-12-07. This leaves at least EUR 1400 available."
request_179,17726207.62,not_affordable,not_recommended,none,,none,"Do not make this payment by the requested date. None of the available options keeps the IDR 41430800 minimum protected, although IDR 17726207.62 is available today."
request_180,66500,affordable_now,full_payment,2026-07-06:66500,2026-07-06,none,Pay INR 66500 in full on 2026-07-06. This keeps the INR 37300 minimum protected over the next 90 days.
request_181,0,not_affordable,not_recommended,none,,none,"Do not make this payment by the requested date. None of the available options keeps the USD 2000 minimum protected, although USD 0 is available today."
request_182,65714,affordable_now,full_payment,2025-08-05:65714,2025-08-05,none,Pay ZAR 65714 in full on 2025-08-05. This keeps the ZAR 31100 minimum protected over the next 90 days.
request_183,254144.07,not_affordable,not_recommended,none,,none,"Do not make this payment by the requested date. None of the available options keeps the IDR 11878300 minimum protected, although IDR 254144.07 is available today."
request_184,0,not_affordable,not_recommended,none,,none,"Do not make this payment by the requested date. None of the available options keeps the INR 110800 minimum protected, although INR 0 is available today."
request_185,249.09,not_affordable,not_recommended,none,,none,"Do not make this payment by the requested date. None of the available options keeps the EUR 1300 minimum protected, although EUR 249.09 is available today."
request_186,0,not_affordable,not_recommended,none,,none,"Do not make this payment by the requested date. None of the available options keeps the ZAR 22000 minimum protected, although ZAR 0 is available today."
request_187,30367.53,affordable_later,wait,2024-11-13:187500,2024-11-13,none,"Wait until 2024-11-13, then pay INR 187500 in full. Paying sooner would put the INR 128300 minimum at risk."
request_188,0,not_affordable,not_recommended,none,,none,"Do not make this payment by the requested date. None of the available options keeps the EUR 900 minimum protected, although EUR 0 is available today."
request_189,488.4,affordable_now,full_payment,2026-07-04:488.4,2026-07-04,none,Pay EUR 488.4 in full on 2026-07-04. This keeps the EUR 400 minimum protected over the next 90 days.
request_190,361.42,affordable_later,wait,2025-03-03:2557.5,2025-03-03,none,"Wait until 2025-03-03, then pay EUR 2557.5 in full. Paying sooner would put the EUR 1600 minimum at risk."
request_191,664.4,affordable_now,full_payment,2025-05-03:664.4,2025-05-03,none,Pay EUR 664.4 in full on 2025-05-03. This keeps the EUR 500 minimum protected over the next 90 days.
request_192,225.43,affordable_later,wait,2026-06-29:2046,2026-06-29,none,"Wait until 2026-06-29, then pay USD 2046 in full. Paying sooner would put the USD 1000 minimum at risk."
request_193,0,not_affordable,not_recommended,none,,none,"Do not make this payment by the requested date. None of the available options keeps the EUR 1000 minimum protected, although EUR 0 is available today."
request_194,25477.58,affordable_later,wait,2025-10-13:132800,2025-10-13,none,"Wait until 2025-10-13, then pay INR 132800 in full. Paying sooner would put the INR 113600 minimum at risk."
request_195,0,not_affordable,not_recommended,none,,none,"Do not make this payment by the requested date. None of the available options keeps the EUR 700 minimum protected, although EUR 0 is available today."
request_196,762.3,affordable_now,full_payment,2024-06-03:762.3,2024-06-03,none,Pay EUR 762.3 in full on 2024-06-03. This keeps the EUR 500 minimum protected over the next 90 days.
request_197,0,not_affordable,not_recommended,none,,none,"Do not make this payment by the requested date. None of the available options keeps the IDR 26245900 minimum protected, although IDR 0 is available today."
request_198,185800,affordable_now,full_payment,2026-07-07:185800,2026-07-07,none,Pay INR 185800 in full on 2026-07-07. This keeps the INR 124300 minimum protected over the next 90 days.
request_199,23674000,affordable_with_plan,installments,2024-09-07:8206986.67|2024-10-08:8206986.67|2024-11-08:8206986.67,2024-09-04,none,"Use 3 installments of IDR 8206986.67, starting 2024-09-07. This leaves at least IDR 25359500 available."
request_200,21717000,affordable_now,full_payment,2025-02-06:21717000,2025-02-06,none,Pay IDR 21717000 in full on 2025-02-06. This keeps the IDR 20114600 minimum protected over the next 90 days.
request_201,23997000,affordable_now,full_payment,2026-04-03:23997000,2026-04-03,none,Pay IDR 23997000 in full on 2026-04-03. This keeps the IDR 17304500 minimum protected over the next 90 days.
request_202,123900,affordable_now,full_payment,2024-12-05:123900,2024-12-05,none,Pay INR 123900 in full on 2024-12-05. This keeps the INR 147800 minimum protected over the next 90 days.
request_203,1442.1,affordable_with_plan,installments,2025-05-10:499.93|2025-06-07:499.93|2025-07-05:499.93,2025-05-07,none,"Use 3 installments of EUR 499.93, starting 2025-05-10. This leaves at least EUR 1400 available."
request_204,588.74,affordable_now,full_payment,2026-01-04:588.74,2026-01-04,none,Pay EUR 588.74 in full on 2026-01-04. This keeps the EUR 1300 minimum protected over the next 90 days.
request_205,10621000,affordable_now,full_payment,2024-03-06:10621000,2024-03-06,none,Pay IDR 10621000 in full on 2024-03-06. This keeps the IDR 13994300 minimum protected over the next 90 days.
request_206,1404.7,affordable_with_plan,installments,2025-08-03:486.96|2025-08-31:486.96|2025-09-28:486.96,2025-08-03,none,"Use 3 installments of EUR 486.96, starting 2025-08-03. This leaves at least EUR 900 available."
request_207,7766.17,affordable_later,wait,2026-08-14:11830,2026-08-14,none,"Wait until 2026-08-14, then pay ZAR 11830 in full. Paying sooner would put the ZAR 13600 minimum at risk."
request_208,2794515.49,affordable_later,wait,2024-07-14:4413000,2024-07-14,none,"Wait until 2024-07-14, then pay IDR 4413000 in full. Paying sooner would put the IDR 10470700 minimum at risk."
request_209,233.33,not_affordable,not_recommended,none,,none,"Do not make this payment by the requested date. None of the available options keeps the ZAR 18400 minimum protected, although ZAR 233.33 is available today."
request_210,880.16,affordable_with_plan,partial_payment,2026-04-06:880.16|2026-04-14:479.86,2026-04-14,none,Pay USD 880.16 today and the remaining USD 479.86 on 2026-04-14. This completes the full request while keeping the USD 2000 minimum protected.
request_211,0,not_affordable,not_recommended,none,,none,"Do not make this payment by the requested date. None of the available options keeps the EUR 1500 minimum protected, although EUR 0 is available today."
request_212,1679227.07,not_affordable,not_recommended,none,,none,"Do not make this payment by the requested date. None of the available options keeps the IDR 29579800 minimum protected, although IDR 1679227.07 is available today."
request_213,3362.4,affordable_with_plan,installments,2026-01-21:1165.63|2026-02-20:1165.63|2026-03-22:1165.63,2026-01-07,none,"Use 3 installments of USD 1165.63, starting 2026-01-21. This leaves at least USD 2100 available."
request_214,21524.17,affordable_with_plan,partial_payment,2024-12-04:28927.15|2025-01-16:40822.85,2025-02-16,reduce_to:event_19671:4220,Pay INR 21524.17 today and the remaining INR 48225.83 on 2025-02-16 after reducing event_19671 to INR 4220. This completes the full request while keeping the INR 174900 minimum protected.
request_215,29986,affordable_with_plan,installments,2025-05-09:10395.15|2025-06-06:10395.15|2025-07-04:10395.15,2025-05-06,none,"Use 3 installments of ZAR 10395.15, starting 2025-05-09. This leaves at least ZAR 15700 available."
request_216,274.32,not_affordable,not_recommended,none,,none,"Do not make this payment by the requested date. None of the available options keeps the USD 1800 minimum protected, although USD 274.32 is available today."
request_217,17757.67,not_affordable,not_recommended,none,2024-05-29,none,"Do not make this payment by the requested date. None of the available options keeps the ZAR 26800 minimum protected, although ZAR 17757.67 is available today."
request_218,27530638.63,affordable_with_plan,installments,2025-08-07:21195893.33|2025-09-04:21195893.33|2025-10-02:21195893.33,2025-09-15,none,"Use 3 installments of IDR 21195893.33, starting 2025-08-07. This leaves at least IDR 34477200 available."
request_219,0,not_affordable,not_recommended,none,,none,"Do not make this payment by the requested date. None of the available options keeps the EUR 1100 minimum protected, although EUR 0 is available today."
request_220,180.76,not_affordable,not_recommended,none,,none,"Do not make this payment by the requested date. None of the available options keeps the EUR 1100 minimum protected, although EUR 180.76 is available today."
request_221,109800,affordable_now,full_payment,2025-11-03:109800,2025-11-03,none,Pay INR 109800 in full on 2025-11-03. This keeps the INR 81500 minimum protected over the next 90 days.
request_222,34078,affordable_now,full_payment,2026-01-05:34078,2026-01-05,none,Pay ZAR 34078 in full on 2026-01-05. This keeps the ZAR 27300 minimum protected over the next 90 days.
request_223,898.7,affordable_now,full_payment,2024-09-07:898.7,2024-09-07,none,Pay EUR 898.7 in full on 2024-09-07. This keeps the EUR 800 minimum protected over the next 90 days.
request_224,6611737.58,not_affordable,not_recommended,none,2025-04-15,none,"Do not make this payment by the requested date. None of the available options keeps the IDR 22187600 minimum protected, although IDR 6611737.58 is available today."
request_225,12178766.31,affordable_with_plan,installments,2026-07-20:7647120|2026-08-19:7647120|2026-09-18:7647120,2026-09-13,none,"Use 3 installments of IDR 7647120, starting 2026-07-20. This leaves at least IDR 17670700 available."
request_226,10035.17,not_affordable,not_recommended,none,,none,"Do not make this payment by the requested date. None of the available options keeps the INR 209400 minimum protected, although INR 10035.17 is available today."
request_227,37996.08,not_affordable,not_recommended,none,,none,"Do not make this payment by the requested date. None of the available options keeps the INR 62900 minimum protected, although INR 37996.08 is available today."
request_228,0,not_affordable,not_recommended,none,,none,"Do not make this payment by the requested date. None of the available options keeps the IDR 26191200 minimum protected, although IDR 0 is available today."
request_229,381.5,not_affordable,not_recommended,none,,none,"Do not make this payment by the requested date. None of the available options keeps the EUR 1000 minimum protected, although EUR 381.5 is available today."
request_230,3537.6,affordable_now,full_payment,2025-08-06:3537.6,2025-08-06,none,Pay EUR 3537.6 in full on 2025-08-06. This keeps the EUR 2000 minimum protected over the next 90 days.
request_231,27665.06,not_affordable,not_recommended,none,2026-03-18,none,"Do not make this payment by the requested date. None of the available options keeps the ZAR 24300 minimum protected, although ZAR 27665.06 is available today."
request_232,365.36,not_affordable,not_recommended,none,,none,"Do not make this payment by the requested date. None of the available options keeps the EUR 2400 minimum protected, although EUR 365.36 is available today."
request_233,0,not_affordable,not_recommended,none,,none,"Do not make this payment by the requested date. None of the available options keeps the IDR 10365700 minimum protected, although IDR 0 is available today."
request_234,237.54,affordable_later,wait,2026-09-13:1213.3,2026-09-13,none,"Wait until 2026-09-13, then pay EUR 1213.3 in full. Paying sooner would put the EUR 700 minimum at risk."
request_235,791.66,affordable_with_plan,full_payment,2024-09-06:967.2,2024-11-13,stop:event_21620|reduce_to:event_21621:16|reduce_to:event_21622:9,Pay USD 967.2 in full on 2024-09-06 after stopping event_21620 and reducing event_21621 to USD 16 and reducing event_21622 to USD 9. This keeps the USD 700 minimum protected over the next 90 days.
request_236,6813975.05,not_affordable,not_recommended,none,,none,"Do not make this payment by the requested date. None of the available options keeps the IDR 16768600 minimum protected, although IDR 6813975.05 is available today."
request_237,23826000,affordable_now,full_payment,2026-04-05:23826000,2026-04-05,none,Pay IDR 23826000 in full on 2026-04-05. This keeps the IDR 22431500 minimum protected over the next 90 days.
request_238,663.6,affordable_with_plan,installments,2024-12-07:230.05|2025-01-07:230.05|2025-02-07:230.05,2024-12-07,none,"Use 3 installments of USD 230.05, starting 2024-12-07. This leaves at least USD 700 available."
request_239,433.34,not_affordable,not_recommended,none,,none,"Do not make this payment by the requested date. None of the available options keeps the USD 600 minimum protected, although USD 433.34 is available today."
request_240,22549.74,not_affordable,not_recommended,none,,none,"Do not make this payment by the requested date. None of the available options keeps the INR 52800 minimum protected, although INR 22549.74 is available today."
request_241,21052000,affordable_with_plan,installments,2024-03-17:7298026.67|2024-04-17:7298026.67|2024-05-18:7298026.67,2024-03-03,none,"Use 3 installments of IDR 7298026.67, starting 2024-03-17. This leaves at least IDR 19252000 available."
request_242,0,not_affordable,not_recommended,none,,none,"Do not make this payment by the requested date. None of the available options keeps the EUR 600 minimum protected, although EUR 0 is available today."
request_243,17468,affordable_now,full_payment,2026-07-07:17468,2026-07-07,none,Pay ZAR 17468 in full on 2026-07-07. This keeps the ZAR 19900 minimum protected over the next 90 days.
request_244,49918,affordable_now,full_payment,2024-06-04:49918,2024-06-04,none,Pay ZAR 49918 in full on 2024-06-04. This keeps the ZAR 45900 minimum protected over the next 90 days.
request_245,48344.1,not_affordable,not_recommended,none,,none,"Do not make this payment by the requested date. None of the available options keeps the INR 94600 minimum protected, although INR 48344.1 is available today."
request_246,64086,affordable_with_plan,installments,2026-04-03:22216.48|2026-05-03:22216.48|2026-06-02:22216.48,2026-04-03,none,"Use 3 installments of ZAR 22216.48, starting 2026-04-03. This leaves at least ZAR 39300 available."
request_247,1059.3,affordable_now,full_payment,2024-09-05:1059.3,2024-09-05,none,Pay EUR 1059.3 in full on 2024-09-05. This keeps the EUR 1300 minimum protected over the next 90 days.
request_248,1087.71,not_affordable,not_recommended,none,,none,"Do not make this payment by the requested date. None of the available options keeps the USD 1300 minimum protected, although USD 1087.71 is available today."
request_249,0,not_affordable,not_recommended,none,,none,"Do not make this payment by the requested date. None of the available options keeps the USD 600 minimum protected, although USD 0 is available today."
request_250,17762.28,not_affordable,not_recommended,none,,none,"Do not make this payment by the requested date. None of the available options keeps the ZAR 35300 minimum protected, although ZAR 17762.28 is available today."
request_251,1513.6,not_affordable,not_recommended,none,2025-05-03,none,"Do not make this payment by the requested date. None of the available options keeps the EUR 1300 minimum protected, although EUR 1513.6 is available today."
request_252,5671126.93,affordable_later,wait,2026-09-13:28082000,2026-09-13,none,"Wait until 2026-09-13, then pay IDR 28082000 in full. Paying sooner would put the IDR 15152200 minimum at risk."
request_253,402.3,not_affordable,not_recommended,none,,none,"Do not make this payment by the requested date. None of the available options keeps the EUR 2300 minimum protected, although EUR 402.3 is available today."
request_254,1465.68,affordable_later,wait,2025-09-01:3535.2,2025-09-01,none,"Wait until 2025-09-01, then pay USD 3535.2 in full. Paying sooner would put the USD 2500 minimum at risk."
request_255,3345000,affordable_now,full_payment,2026-04-06:3345000,2026-04-06,none,Pay IDR 3345000 in full on 2026-04-06. This keeps the IDR 9813900 minimum protected over the next 90 days.
request_256,161575,not_affordable,not_recommended,none,2024-08-13,none,"Do not make this payment by the requested date. None of the available options keeps the INR 168600 minimum protected, although INR 161575 is available today."
request_257,192.85,not_affordable,not_recommended,none,,none,"Do not make this payment by the requested date. None of the available options keeps the USD 1600 minimum protected, although USD 192.85 is available today."
request_258,1113.6,affordable_now,full_payment,2026-01-07:1113.6,2026-01-07,none,Pay USD 1113.6 in full on 2026-01-07. This keeps the USD 500 minimum protected over the next 90 days.
request_259,460.55,affordable_later,wait,2024-11-13:935,2024-11-13,none,"Wait until 2024-11-13, then pay EUR 935 in full. Paying sooner would put the EUR 600 minimum at risk."
request_260,3818625.62,not_affordable,not_recommended,none,,none,"Do not make this payment by the requested date. None of the available options keeps the IDR 20727700 minimum protected, although IDR 3818625.62 is available today."
request_261,1830.4,affordable_now,full_payment,2026-07-03:1830.4,2026-07-03,none,Pay EUR 1830.4 in full on 2026-07-03. This keeps the EUR 1500 minimum protected over the next 90 days.
request_262,9236000,affordable_now,full_payment,2024-12-05:9236000,2024-12-05,none,Pay IDR 9236000 in full on 2024-12-05. This keeps the IDR 31018500 minimum protected over the next 90 days.
request_263,5564.47,not_affordable,not_recommended,none,,none,"Do not make this payment by the requested date. None of the available options keeps the ZAR 24100 minimum protected, although ZAR 5564.47 is available today."
request_264,32850.4,affordable_later,wait,2026-06-13:111300,2026-06-13,none,"Wait until 2026-06-13, then pay INR 111300 in full. Paying sooner would put the INR 59500 minimum at risk."
request_265,45970,affordable_now,full_payment,2024-03-06:45970,2024-03-06,none,Pay INR 45970 in full on 2024-03-06. This keeps the INR 189700 minimum protected over the next 90 days.
request_266,935,affordable_with_plan,installments,2025-08-03:324.13|2025-08-31:324.13|2025-09-28:324.13,2025-08-03,none,"Use 3 installments of EUR 324.13, starting 2025-08-03. This leaves at least EUR 900 available."
request_267,0,not_affordable,not_recommended,none,,none,"Do not make this payment by the requested date. None of the available options keeps the EUR 1500 minimum protected, although EUR 0 is available today."
request_268,1134.52,affordable_with_plan,installments,2024-06-14:841.22|2024-07-15:841.22|2024-08-15:841.22,2024-08-13,none,"Use 3 installments of EUR 841.22, starting 2024-06-14. This leaves at least EUR 1400 available."
request_269,0,not_affordable,not_recommended,none,,none,"Do not make this payment by the requested date. None of the available options keeps the ZAR 23100 minimum protected, although ZAR 0 is available today."
request_270,183.44,not_affordable,not_recommended,none,2026-09-21,none,"Do not make this payment by the requested date. None of the available options keeps the USD 1400 minimum protected, although USD 183.44 is available today."
request_271,0,not_affordable,not_recommended,none,,none,"Do not make this payment by the requested date. None of the available options keeps the INR 58200 minimum protected, although INR 0 is available today."
request_272,8008424,affordable_with_plan,installments,2025-02-12:4709466.67|2025-03-12:4709466.67|2025-04-09:4709466.67,2025-02-08,none,"Use 3 installments of IDR 4709466.67, starting 2025-02-12. This leaves at least IDR 7508600 available."
request_273,9825189.71,affordable_with_plan,partial_payment,2026-04-07:9825189.71|2026-04-14:6035810.29,2026-04-14,none,Pay IDR 9825189.71 today and the remaining IDR 6035810.29 on 2026-04-14. This completes the full request while keeping the IDR 18774600 minimum protected.
request_274,1243.97,not_affordable,not_recommended,none,,none,"Do not make this payment by the requested date. None of the available options keeps the EUR 1800 minimum protected, although EUR 1243.97 is available today."
request_275,15884000,affordable_now,full_payment,2025-05-06:15884000,2025-05-06,none,Pay IDR 15884000 in full on 2025-05-06. This keeps the IDR 12760100 minimum protected over the next 90 days.
